list,id_1,id_10,id_11,id_2,id_3,id_4,id_5,id_6,id_7,id_8,id_9,value_1,value_10,value_11,value_2,value_3,value_4,value_5,value_6,value_7,value_8,value_9
1,impressive-three-days-sentadjorder2-twoAdjs-2,filler_1_4,filler_0_6,filler_0_2,filler_1_1,filler_0_7,filler_1_5,filler_0_3,filler_1_8,astonishing-three-days-sentadjorder2-twoAdjs-1,hideous-five-days-sentadjorder2-twoAdjs-0,The tourist passed a hefty impressive three days in Papua New Guinea.,Malevolent floral candy is delicious.,The bone dog the chewed.,Chardon sees often Kuru.,Flosa has often seen Marn.,I wonder you ate how much.,The bone chewed the dog.,Bob walk.,The fragrant orangutan sings loudest at Easter.,The diplomat worked for a paltry astonishing three days in Nairobi.,The family spent a whopping hideous five days in London.
2,filler_0_7,filler_0_6,filler_1_8,filler_1_5,filler_0_3,filler_1_1,beautiful-three-days-sentadjorder2-twoAdjs-2,filler_1_4,filler_0_2,beautiful-five-days-sentadjorder2-twoAdjs-0,astonishing-three-days-sentadjorder2-twoAdjs-1,I wonder you ate how much.,The bone dog the chewed.,The fragrant orangutan sings loudest at Easter.,The bone chewed the dog.,Bob walk.,Flosa has often seen Marn.,The tourist passed a paltry beautiful three days in Papua New Guinea.,Malevolent floral candy is delicious.,Chardon sees often Kuru.,The family spent a staggering beautiful five days in London.,The diplomat worked for a hefty astonishing three days in Nairobi.
3,filler_0_2,beautiful-five-days-sentadjorder1-twoAdjs-0,filler_1_1,filler_0_6,filler_0_7,filler_1_4,filler_1_8,filler_0_3,impressive-three-days-sentadjorder1-twoAdjs-2,filler_1_5,ugly-three-days-sentadjorder1-twoAdjs-1,Chardon sees often Kuru.,The family spent a beautiful paltry five days in London.,Flosa has often seen Marn.,The bone dog the chewed.,I wonder you ate how much.,Malevolent floral candy is delicious.,The fragrant orangutan sings loudest at Easter.,Bob walk.,The tourist passed an impressive paltry three days in Papua New Guinea.,The bone chewed the dog.,The diplomat worked for an ugly mere three days in Nairobi.
4,filler_1_8,filler_0_7,filler_1_5,astonishing-five-days-sentadjorder1-twoAdjs-1,filler_0_6,filler_1_4,filler_0_3,beautiful-five-days-sentadjorder2-twoAdjs-2,filler_0_2,impressive-five-days-sentadjorder1-twoAdjs-0,filler_1_1,The fragrant orangutan sings loudest at Easter.,I wonder you ate how much.,The bone chewed the dog.,The diplomat worked for an astonishing paltry five days in Nairobi.,The bone dog the chewed.,Malevolent floral candy is delicious.,Bob walk.,The tourist passed a meager beautiful five days in Papua New Guinea.,Chardon sees often Kuru.,The family spent an impressive mere five days in London.,Flosa has often seen Marn.
5,filler_1_1,filler_1_4,impressive-three-days-sentadjorder1-twoAdjs-1,filler_0_7,filler_0_6,filler_0_3,ugly-five-days-sentadjorder2-twoAdjs-0,filler_0_2,impressive-three-days-sentadjorder1-twoAdjs-2,filler_1_5,filler_1_8,Flosa has often seen Marn.,Malevolent floral candy is delicious.,The diplomat worked for an impressive mere three days in Nairobi.,I wonder you ate how much.,The bone dog the chewed.,Bob walk.,The family spent a staggering ugly five days in London.,Chardon sees often Kuru.,The tourist passed an impressive whopping three days in Papua New Guinea.,The bone chewed the dog.,The fragrant orangutan sings loudest at Easter.
6,filler_0_6,filler_1_5,ugly-five-days-sentadjorder1-twoAdjs-0,filler_0_7,filler_1_8,filler_1_1,astonishing-five-days-sentadjorder1-twoAdjs-1,filler_0_2,filler_0_3,filler_1_4,beautiful-five-days-sentadjorder1-twoAdjs-2,The bone dog the chewed.,The bone chewed the dog.,The family spent an ugly meager five days in London.,I wonder you ate how much.,The fragrant orangutan sings loudest at Easter.,Flosa has often seen Marn.,The diplomat worked for an astonishing mere five days in Nairobi.,Chardon sees often Kuru.,Bob walk.,Malevolent floral candy is delicious.,The tourist passed a beautiful whopping five days in Papua New Guinea.
7,filler_1_5,filler_1_4,filler_0_3,filler_1_8,astonishing-three-days-sentadjorder1-twoAdjs-0,filler_1_1,filler_0_7,beautiful-five-days-sentadjorder1-twoAdjs-1,astonishing-five-days-sentadjorder2-twoAdjs-2,filler_0_2,filler_0_6,The bone chewed the dog.,Malevolent floral candy is delicious.,Bob walk.,The fragrant orangutan sings loudest at Easter.,The family spent an astonishing staggering three days in London.,Flosa has often seen Marn.,I wonder you ate how much.,The diplomat worked for a beautiful whopping five days in Nairobi.,The tourist passed a paltry astonishing five days in Papua New Guinea.,Chardon sees often Kuru.,The bone dog the chewed.
8,filler_1_8,impressive-three-days-sentadjorder2-twoAdjs-1,filler_0_7,filler_0_6,filler_1_4,filler_0_2,filler_1_1,beautiful-three-days-sentadjorder1-twoAdjs-0,filler_1_5,filler_0_3,hideous-three-days-sentadjorder1-twoAdjs-2,The fragrant orangutan sings loudest at Easter.,The diplomat worked for a meager impressive three days in Nairobi.,I wonder you ate how much.,The bone dog the chewed.,Malevolent floral candy is delicious.,Chardon sees often Kuru.,Flosa has often seen Marn.,The family spent a beautiful hefty three days in London.,The bone chewed the dog.,Bob walk.,The tourist passed a hideous staggering three days in Papua New Guinea.
9,hideous-five-days-sentadjorder2-twoAdjs-1,filler_1_8,filler_0_6,filler_0_7,filler_1_4,filler_0_3,impressive-three-days-sentadjorder2-twoAdjs-2,filler_0_2,filler_1_1,filler_1_5,impressive-five-days-sentadjorder2-twoAdjs-0,The diplomat worked for a whopping hideous five days in Nairobi.,The fragrant orangutan sings loudest at Easter.,The bone dog the chewed.,I wonder you ate how much.,Malevolent floral candy is delicious.,Bob walk.,The tourist passed a paltry impressive three days in Papua New Guinea.,Chardon sees often Kuru.,Flosa has often seen Marn.,The bone chewed the dog.,The family spent a paltry impressive five days in London.
10,filler_1_4,filler_1_5,filler_0_6,filler_1_1,filler_0_2,filler_0_7,ugly-five-days-sentadjorder1-twoAdjs-2,beautiful-five-days-sentadjorder1-twoAdjs-1,ugly-five-days-sentadjorder1-twoAdjs-0,filler_1_8,filler_0_3,Malevolent floral candy is delicious.,The bone chewed the dog.,The bone dog the chewed.,Flosa has often seen Marn.,Chardon sees often Kuru.,I wonder you ate how much.,The tourist passed an ugly mere five days in Papua New Guinea.,The diplomat worked for a beautiful hefty five days in Nairobi.,The family spent an ugly paltry five days in London.,The fragrant orangutan sings loudest at Easter.,Bob walk.
11,filler_1_8,filler_0_7,filler_0_6,beautiful-five-days-sentadjorder2-twoAdjs-2,astonishing-three-days-sentadjorder1-twoAdjs-1,filler_0_2,filler_1_5,filler_0_3,filler_1_4,filler_1_1,hideous-three-days-sentadjorder2-twoAdjs-0,The fragrant orangutan sings loudest at Easter.,I wonder you ate how much.,The bone dog the chewed.,The tourist passed a staggering beautiful five days in Papua New Guinea.,The diplomat worked for an astonishing mere three days in Nairobi.,Chardon sees often Kuru.,The bone chewed the dog.,Bob walk.,Malevolent floral candy is delicious.,Flosa has often seen Marn.,The family spent a hefty hideous three days in London.
12,filler_1_8,filler_1_4,ugly-three-days-sentadjorder1-twoAdjs-1,ugly-five-days-sentadjorder1-twoAdjs-2,filler_1_5,impressive-three-days-sentadjorder1-twoAdjs-0,filler_0_2,filler_0_3,filler_0_6,filler_0_7,filler_1_1,The fragrant orangutan sings loudest at Easter.,Malevolent floral candy is delicious.,The diplomat worked for an ugly whopping three days in Nairobi.,The tourist passed an ugly staggering five days in Papua New Guinea.,The bone chewed the dog.,The family spent an impressive hefty three days in London.,Chardon sees often Kuru.,Bob walk.,The bone dog the chewed.,I wonder you ate how much.,Flosa has often seen Marn.
13,filler_1_4,hideous-three-days-sentadjorder1-twoAdjs-1,filler_1_5,filler_0_3,filler_0_6,filler_0_7,impressive-three-days-sentadjorder1-twoAdjs-0,filler_1_1,ugly-five-days-sentadjorder1-twoAdjs-2,filler_0_2,filler_1_8,Malevolent floral candy is delicious.,The diplomat worked for a hideous whopping three days in Nairobi.,The bone chewed the dog.,Bob walk.,The bone dog the chewed.,I wonder you ate how much.,The family spent an impressive paltry three days in London.,Flosa has often seen Marn.,The tourist passed an ugly paltry five days in Papua New Guinea.,Chardon sees often Kuru.,The fragrant orangutan sings loudest at Easter.
14,impressive-three-days-sentadjorder2-twoAdjs-0,filler_0_3,filler_0_7,filler_1_4,beautiful-three-days-sentadjorder2-twoAdjs-2,filler_0_6,beautiful-five-days-sentadjorder2-twoAdjs-1,filler_1_1,filler_1_8,filler_0_2,filler_1_5,The family spent a staggering impressive three days in London.,Bob walk.,I wonder you ate how much.,Malevolent floral candy is delicious.,The tourist passed a staggering beautiful three days in Papua New Guinea.,The bone dog the chewed.,The diplomat worked for a mere beautiful five days in Nairobi.,Flosa has often seen Marn.,The fragrant orangutan sings loudest at Easter.,Chardon sees often Kuru.,The bone chewed the dog.
15,hideous-three-days-sentadjorder2-twoAdjs-2,filler_1_8,filler_0_2,filler_1_1,ugly-three-days-sentadjorder2-twoAdjs-0,filler_0_6,filler_1_4,filler_0_7,filler_1_5,impressive-five-days-sentadjorder1-twoAdjs-1,filler_0_3,The tourist passed a hefty hideous three days in Papua New Guinea.,The fragrant orangutan sings loudest at Easter.,Chardon sees often Kuru.,Flosa has often seen Marn.,The family spent a meager ugly three days in London.,The bone dog the chewed.,Malevolent floral candy is delicious.,I wonder you ate how much.,The bone chewed the dog.,The diplomat worked for an impressive whopping five days in Nairobi.,Bob walk.
16,filler_1_8,filler_1_5,filler_1_1,filler_0_3,filler_0_2,filler_1_4,hideous-three-days-sentadjorder2-twoAdjs-1,astonishing-three-days-sentadjorder1-twoAdjs-2,filler_0_6,astonishing-three-days-sentadjorder2-twoAdjs-0,filler_0_7,The fragrant orangutan sings loudest at Easter.,The bone chewed the dog.,Flosa has often seen Marn.,Bob walk.,Chardon sees often Kuru.,Malevolent floral candy is delicious.,The diplomat worked for a mere hideous three days in Nairobi.,The tourist passed an astonishing meager three days in Papua New Guinea.,The bone dog the chewed.,The family spent a hefty astonishing three days in London.,I wonder you ate how much.
17,filler_1_5,filler_1_8,filler_0_3,beautiful-five-days-sentadjorder2-twoAdjs-0,filler_1_4,filler_0_7,filler_1_1,beautiful-three-days-sentadjorder2-twoAdjs-2,astonishing-five-days-sentadjorder2-twoAdjs-1,filler_0_6,filler_0_2,The bone chewed the dog.,The fragrant orangutan sings loudest at Easter.,Bob walk.,The family spent a mere beautiful five days in London.,Malevolent floral candy is delicious.,I wonder you ate how much.,Flosa has often seen Marn.,The tourist passed a whopping beautiful three days in Papua New Guinea.,The diplomat worked for a staggering astonishing five days in Nairobi.,The bone dog the chewed.,Chardon sees often Kuru.
18,filler_0_2,filler_1_8,impressive-five-days-sentadjorder2-twoAdjs-1,filler_0_7,filler_0_6,ugly-five-days-sentadjorder2-twoAdjs-2,filler_0_3,filler_1_1,filler_1_4,hideous-three-days-sentadjorder1-twoAdjs-0,filler_1_5,Chardon sees often Kuru.,The fragrant orangutan sings loudest at Easter.,The diplomat worked for a meager impressive five days in Nairobi.,I wonder you ate how much.,The bone dog the chewed.,The tourist passed a paltry ugly five days in Papua New Guinea.,Bob walk.,Flosa has often seen Marn.,Malevolent floral candy is delicious.,The family spent a hideous meager three days in London.,The bone chewed the dog.
19,filler_0_2,filler_0_7,filler_1_8,astonishing-three-days-sentadjorder1-twoAdjs-1,beautiful-five-days-sentadjorder1-twoAdjs-0,filler_0_3,beautiful-three-days-sentadjorder2-twoAdjs-2,filler_0_6,filler_1_1,filler_1_4,filler_1_5,Chardon sees often Kuru.,I wonder you ate how much.,The fragrant orangutan sings loudest at Easter.,The diplomat worked for an astonishing paltry three days in Nairobi.,The family spent a beautiful hefty five days in London.,Bob walk.,The tourist passed a meager beautiful three days in Papua New Guinea.,The bone dog the chewed.,Flosa has often seen Marn.,Malevolent floral candy is delicious.,The bone chewed the dog.
20,filler_1_8,hideous-three-days-sentadjorder2-twoAdjs-2,filler_0_7,filler_0_3,beautiful-five-days-sentadjorder2-twoAdjs-1,filler_0_2,filler_1_4,filler_1_5,filler_1_1,astonishing-five-days-sentadjorder1-twoAdjs-0,filler_0_6,The fragrant orangutan sings loudest at Easter.,The tourist passed a staggering hideous three days in Papua New Guinea.,I wonder you ate how much.,Bob walk.,The diplomat worked for a paltry beautiful five days in Nairobi.,Chardon sees often Kuru.,Malevolent floral candy is delicious.,The bone chewed the dog.,Flosa has often seen Marn.,The family spent an astonishing meager five days in London.,The bone dog the chewed.
21,filler_1_1,hideous-five-days-sentadjorder1-twoAdjs-1,filler_0_6,filler_0_2,filler_1_5,filler_0_7,filler_0_3,ugly-five-days-sentadjorder2-twoAdjs-0,filler_1_8,hideous-five-days-sentadjorder2-twoAdjs-2,filler_1_4,Flosa has often seen Marn.,The diplomat worked for a hideous whopping five days in Nairobi.,The bone dog the chewed.,Chardon sees often Kuru.,The bone chewed the dog.,I wonder you ate how much.,Bob walk.,The family spent a hefty ugly five days in London.,The fragrant orangutan sings loudest at Easter.,The tourist passed a whopping hideous five days in Papua New Guinea.,Malevolent floral candy is delicious.
22,filler_1_1,filler_0_6,astonishing-five-days-sentadjorder2-twoAdjs-0,impressive-three-days-sentadjorder2-twoAdjs-2,filler_0_3,filler_1_4,filler_1_8,filler_0_7,filler_1_5,filler_0_2,hideous-five-days-sentadjorder2-twoAdjs-1,Flosa has often seen Marn.,The bone dog the chewed.,The family spent a staggering astonishing five days in London.,The tourist passed a meager impressive three days in Papua New Guinea.,Bob walk.,Malevolent floral candy is delicious.,The fragrant orangutan sings loudest at Easter.,I wonder you ate how much.,The bone chewed the dog.,Chardon sees often Kuru.,The diplomat worked for a hefty hideous five days in Nairobi.
23,impressive-five-days-sentadjorder2-twoAdjs-2,filler_0_2,filler_0_6,ugly-five-days-sentadjorder2-twoAdjs-0,filler_1_8,filler_1_4,ugly-five-days-sentadjorder1-twoAdjs-1,filler_1_5,filler_0_7,filler_0_3,filler_1_1,The tourist passed a hefty impressive five days in Papua New Guinea.,Chardon sees often Kuru.,The bone dog the chewed.,The family spent a mere ugly five days in London.,The fragrant orangutan sings loudest at Easter.,Malevolent floral candy is delicious.,The diplomat worked for an ugly whopping five days in Nairobi.,The bone chewed the dog.,I wonder you ate how much.,Bob walk.,Flosa has often seen Marn.
24,filler_0_2,filler_0_6,filler_1_4,filler_0_3,filler_0_7,filler_1_5,impressive-three-days-sentadjorder1-twoAdjs-0,astonishing-five-days-sentadjorder2-twoAdjs-1,filler_1_8,filler_1_1,ugly-three-days-sentadjorder1-twoAdjs-2,Chardon sees often Kuru.,The bone dog the chewed.,Malevolent floral candy is delicious.,Bob walk.,I wonder you ate how much.,The bone chewed the dog.,The family spent an impressive mere three days in London.,The diplomat worked for a whopping astonishing five days in Nairobi.,The fragrant orangutan sings loudest at Easter.,Flosa has often seen Marn.,The tourist passed an ugly staggering three days in Papua New Guinea.
25,hideous-three-days-sentadjorder2-twoAdjs-2,filler_1_4,filler_0_2,filler_1_1,filler_0_7,hideous-three-days-sentadjorder2-twoAdjs-0,filler_1_5,filler_1_8,filler_0_6,filler_0_3,ugly-three-days-sentadjorder2-twoAdjs-1,The tourist passed a whopping hideous three days in Papua New Guinea.,Malevolent floral candy is delicious.,Chardon sees often Kuru.,Flosa has often seen Marn.,I wonder you ate how much.,The family spent a staggering hideous three days in London.,The bone chewed the dog.,The fragrant orangutan sings loudest at Easter.,The bone dog the chewed.,Bob walk.,The diplomat worked for a meager ugly three days in Nairobi.
26,astonishing-five-days-sentadjorder2-twoAdjs-1,filler_0_7,filler_1_1,filler_1_8,filler_1_4,filler_0_3,filler_0_6,filler_1_5,filler_0_2,impressive-five-days-sentadjorder2-twoAdjs-0,astonishing-five-days-sentadjorder2-twoAdjs-2,The diplomat worked for a hefty astonishing five days in Nairobi.,I wonder you ate how much.,Flosa has often seen Marn.,The fragrant orangutan sings loudest at Easter.,Malevolent floral candy is delicious.,Bob walk.,The bone dog the chewed.,The bone chewed the dog.,Chardon sees often Kuru.,The family spent a hefty impressive five days in London.,The tourist passed a hefty astonishing five days in Papua New Guinea.
27,filler_1_1,beautiful-five-days-sentadjorder1-twoAdjs-2,filler_1_8,filler_0_7,hideous-three-days-sentadjorder2-twoAdjs-0,filler_0_2,filler_0_6,impressive-five-days-sentadjorder2-twoAdjs-1,filler_0_3,filler_1_5,filler_1_4,Flosa has often seen Marn.,The tourist passed a beautiful meager five days in Papua New Guinea.,The fragrant orangutan sings loudest at Easter.,I wonder you ate how much.,The family spent a paltry hideous three days in London.,Chardon sees often Kuru.,The bone dog the chewed.,The diplomat worked for a whopping impressive five days in Nairobi.,Bob walk.,The bone chewed the dog.,Malevolent floral candy is delicious.
28,filler_0_3,impressive-three-days-sentadjorder2-twoAdjs-1,filler_1_4,filler_1_5,filler_0_7,impressive-five-days-sentadjorder2-twoAdjs-2,filler_1_1,filler_0_6,astonishing-five-days-sentadjorder2-twoAdjs-0,filler_0_2,filler_1_8,Bob walk.,The diplomat worked for a staggering impressive three days in Nairobi.,Malevolent floral candy is delicious.,The bone chewed the dog.,I wonder you ate how much.,The tourist passed a meager impressive five days in Papua New Guinea.,Flosa has often seen Marn.,The bone dog the chewed.,The family spent a meager astonishing five days in London.,Chardon sees often Kuru.,The fragrant orangutan sings loudest at Easter.
29,filler_0_2,filler_0_6,filler_1_4,filler_0_7,impressive-three-days-sentadjorder1-twoAdjs-1,filler_1_5,filler_1_8,astonishing-five-days-sentadjorder2-twoAdjs-2,ugly-five-days-sentadjorder1-twoAdjs-0,filler_1_1,filler_0_3,Chardon sees often Kuru.,The bone dog the chewed.,Malevolent floral candy is delicious.,I wonder you ate how much.,The diplomat worked for an impressive meager three days in Nairobi.,The bone chewed the dog.,The fragrant orangutan sings loudest at Easter.,The tourist passed a mere astonishing five days in Papua New Guinea.,The family spent an ugly mere five days in London.,Flosa has often seen Marn.,Bob walk.
30,filler_1_8,filler_1_1,hideous-five-days-sentadjorder1-twoAdjs-0,filler_1_4,filler_0_3,filler_0_7,hideous-three-days-sentadjorder2-twoAdjs-1,hideous-three-days-sentadjorder1-twoAdjs-2,filler_0_6,filler_1_5,filler_0_2,The fragrant orangutan sings loudest at Easter.,Flosa has often seen Marn.,The family spent a hideous staggering five days in London.,Malevolent floral candy is delicious.,Bob walk.,I wonder you ate how much.,The diplomat worked for a hefty hideous three days in Nairobi.,The tourist passed a hideous mere three days in Papua New Guinea.,The bone dog the chewed.,The bone chewed the dog.,Chardon sees often Kuru.
31,filler_0_7,ugly-five-days-sentadjorder1-twoAdjs-0,filler_1_5,filler_1_4,impressive-three-days-sentadjorder1-twoAdjs-1,filler_1_8,hideous-three-days-sentadjorder1-twoAdjs-2,filler_0_3,filler_0_6,filler_0_2,filler_1_1,I wonder you ate how much.,The family spent an ugly staggering five days in London.,The bone chewed the dog.,Malevolent floral candy is delicious.,The diplomat worked for an impressive staggering three days in Nairobi.,The fragrant orangutan sings loudest at Easter.,The tourist passed a hideous meager three days in Papua New Guinea.,Bob walk.,The bone dog the chewed.,Chardon sees often Kuru.,Flosa has often seen Marn.
32,filler_1_5,filler_0_3,filler_0_6,filler_0_7,filler_1_1,impressive-three-days-sentadjorder1-twoAdjs-1,filler_0_2,filler_1_4,filler_1_8,hideous-five-days-sentadjorder1-twoAdjs-2,astonishing-five-days-sentadjorder2-twoAdjs-0,The bone chewed the dog.,Bob walk.,The bone dog the chewed.,I wonder you ate how much.,Flosa has often seen Marn.,The diplomat worked for an impressive paltry three days in Nairobi.,Chardon sees often Kuru.,Malevolent floral candy is delicious.,The fragrant orangutan sings loudest at Easter.,The tourist passed a hideous staggering five days in Papua New Guinea.,The family spent a paltry astonishing five days in London.
33,filler_0_7,filler_0_3,hideous-three-days-sentadjorder2-twoAdjs-1,filler_1_4,filler_1_1,astonishing-five-days-sentadjorder1-twoAdjs-2,filler_1_5,filler_1_8,filler_0_2,filler_0_6,astonishing-three-days-sentadjorder1-twoAdjs-0,I wonder you ate how much.,Bob walk.,The diplomat worked for a whopping hideous three days in Nairobi.,Malevolent floral candy is delicious.,Flosa has often seen Marn.,The tourist passed an astonishing whopping five days in Papua New Guinea.,The bone chewed the dog.,The fragrant orangutan sings loudest at Easter.,Chardon sees often Kuru.,The bone dog the chewed.,The family spent an astonishing whopping three days in London.
34,filler_1_8,beautiful-five-days-sentadjorder2-twoAdjs-2,filler_0_3,ugly-five-days-sentadjorder2-twoAdjs-1,filler_1_4,beautiful-five-days-sentadjorder2-twoAdjs-0,filler_0_7,filler_1_5,filler_0_2,filler_0_6,filler_1_1,The fragrant orangutan sings loudest at Easter.,The tourist passed a mere beautiful five days in Papua New Guinea.,Bob walk.,The diplomat worked for a whopping ugly five days in Nairobi.,Malevolent floral candy is delicious.,The family spent a paltry beautiful five days in London.,I wonder you ate how much.,The bone chewed the dog.,Chardon sees often Kuru.,The bone dog the chewed.,Flosa has often seen Marn.
35,filler_0_6,filler_0_3,hideous-three-days-sentadjorder2-twoAdjs-0,beautiful-five-days-sentadjorder1-twoAdjs-2,filler_1_5,filler_0_2,filler_1_8,filler_1_1,filler_1_4,filler_0_7,hideous-three-days-sentadjorder1-twoAdjs-1,The bone dog the chewed.,Bob walk.,The family spent a mere hideous three days in London.,The tourist passed a beautiful staggering five days in Papua New Guinea.,The bone chewed the dog.,Chardon sees often Kuru.,The fragrant orangutan sings loudest at Easter.,Flosa has often seen Marn.,Malevolent floral candy is delicious.,I wonder you ate how much.,The diplomat worked for a hideous staggering three days in Nairobi.
36,astonishing-three-days-sentadjorder1-twoAdjs-0,filler_1_8,filler_0_7,impressive-five-days-sentadjorder1-twoAdjs-2,filler_1_4,filler_0_2,filler_0_6,beautiful-three-days-sentadjorder1-twoAdjs-1,filler_1_5,filler_1_1,filler_0_3,The family spent an astonishing hefty three days in London.,The fragrant orangutan sings loudest at Easter.,I wonder you ate how much.,The tourist passed an impressive meager five days in Papua New Guinea.,Malevolent floral candy is delicious.,Chardon sees often Kuru.,The bone dog the chewed.,The diplomat worked for a beautiful whopping three days in Nairobi.,The bone chewed the dog.,Flosa has often seen Marn.,Bob walk.
37,beautiful-three-days-sentadjorder2-twoAdjs-2,hideous-three-days-sentadjorder2-twoAdjs-0,filler_1_5,filler_0_2,filler_0_7,filler_1_1,filler_0_6,filler_0_3,filler_1_8,hideous-five-days-sentadjorder1-twoAdjs-1,filler_1_4,The tourist passed a hefty beautiful three days in Papua New Guinea.,The family spent a whopping hideous three days in London.,The bone chewed the dog.,Chardon sees often Kuru.,I wonder you ate how much.,Flosa has often seen Marn.,The bone dog the chewed.,Bob walk.,The fragrant orangutan sings loudest at Easter.,The diplomat worked for a hideous meager five days in Nairobi.,Malevolent floral candy is delicious.
38,ugly-five-days-sentadjorder2-twoAdjs-2,filler_0_6,filler_1_1,filler_0_3,impressive-five-days-sentadjorder1-twoAdjs-1,impressive-three-days-sentadjorder1-twoAdjs-0,filler_0_2,filler_1_5,filler_0_7,filler_1_8,filler_1_4,The tourist passed a mere ugly five days in Papua New Guinea.,The bone dog the chewed.,Flosa has often seen Marn.,Bob walk.,The diplomat worked for an impressive meager five days in Nairobi.,The family spent an impressive meager three days in London.,Chardon sees often Kuru.,The bone chewed the dog.,I wonder you ate how much.,The fragrant orangutan sings loudest at Easter.,Malevolent floral candy is delicious.
39,astonishing-five-days-sentadjorder1-twoAdjs-2,ugly-three-days-sentadjorder1-twoAdjs-0,filler_1_4,filler_1_1,filler_0_3,astonishing-five-days-sentadjorder1-twoAdjs-1,filler_0_2,filler_1_5,filler_1_8,filler_0_6,filler_0_7,The tourist passed an astonishing staggering five days in Papua New Guinea.,The family spent an ugly whopping three days in London.,Malevolent floral candy is delicious.,Flosa has often seen Marn.,Bob walk.,The diplomat worked for an astonishing staggering five days in Nairobi.,Chardon sees often Kuru.,The bone chewed the dog.,The fragrant orangutan sings loudest at Easter.,The bone dog the chewed.,I wonder you ate how much.
40,filler_1_4,filler_0_7,hideous-three-days-sentadjorder1-twoAdjs-0,filler_0_2,filler_0_3,impressive-five-days-sentadjorder1-twoAdjs-1,filler_1_5,filler_1_8,beautiful-three-days-sentadjorder1-twoAdjs-2,filler_0_6,filler_1_1,Malevolent floral candy is delicious.,I wonder you ate how much.,The family spent a hideous hefty three days in London.,Chardon sees often Kuru.,Bob walk.,The diplomat worked for an impressive mere five days in Nairobi.,The bone chewed the dog.,The fragrant orangutan sings loudest at Easter.,The tourist passed a beautiful mere three days in Papua New Guinea.,The bone dog the chewed.,Flosa has often seen Marn.
41,filler_1_1,filler_1_4,filler_0_3,impressive-three-days-sentadjorder1-twoAdjs-2,filler_1_5,beautiful-three-days-sentadjorder2-twoAdjs-0,filler_0_6,filler_1_8,beautiful-five-days-sentadjorder2-twoAdjs-1,filler_0_7,filler_0_2,Flosa has often seen Marn.,Malevolent floral candy is delicious.,Bob walk.,The tourist passed an impressive mere three days in Papua New Guinea.,The bone chewed the dog.,The family spent a meager beautiful three days in London.,The bone dog the chewed.,The fragrant orangutan sings loudest at Easter.,The diplomat worked for a hefty beautiful five days in Nairobi.,I wonder you ate how much.,Chardon sees often Kuru.
42,hideous-five-days-sentadjorder2-twoAdjs-1,impressive-three-days-sentadjorder1-twoAdjs-2,filler_1_8,filler_0_3,filler_1_5,filler_0_7,filler_0_6,filler_0_2,filler_1_1,astonishing-five-days-sentadjorder1-twoAdjs-0,filler_1_4,The diplomat worked for a mere hideous five days in Nairobi.,The tourist passed an impressive meager three days in Papua New Guinea.,The fragrant orangutan sings loudest at Easter.,Bob walk.,The bone chewed the dog.,I wonder you ate how much.,The bone dog the chewed.,Chardon sees often Kuru.,Flosa has often seen Marn.,The family spent an astonishing mere five days in London.,Malevolent floral candy is delicious.
43,beautiful-five-days-sentadjorder1-twoAdjs-2,filler_1_1,beautiful-three-days-sentadjorder1-twoAdjs-0,filler_1_4,filler_0_2,filler_0_3,filler_0_7,impressive-five-days-sentadjorder1-twoAdjs-1,filler_1_8,filler_0_6,filler_1_5,The tourist passed a beautiful paltry five days in Papua New Guinea.,Flosa has often seen Marn.,The family spent a beautiful meager three days in London.,Malevolent floral candy is delicious.,Chardon sees often Kuru.,Bob walk.,I wonder you ate how much.,The diplomat worked for an impressive paltry five days in Nairobi.,The fragrant orangutan sings loudest at Easter.,The bone dog the chewed.,The bone chewed the dog.
44,filler_0_7,filler_0_3,filler_1_4,beautiful-five-days-sentadjorder2-twoAdjs-0,filler_0_6,filler_1_1,filler_0_2,ugly-three-days-sentadjorder2-twoAdjs-2,filler_1_8,impressive-five-days-sentadjorder2-twoAdjs-1,filler_1_5,I wonder you ate how much.,Bob walk.,Malevolent floral candy is delicious.,The family spent a hefty beautiful five days in London.,The bone dog the chewed.,Flosa has often seen Marn.,Chardon sees often Kuru.,The tourist passed a meager ugly three days in Papua New Guinea.,The fragrant orangutan sings loudest at Easter.,The diplomat worked for a hefty impressive five days in Nairobi.,The bone chewed the dog.
45,hideous-five-days-sentadjorder1-twoAdjs-2,filler_0_6,filler_1_8,filler_0_2,filler_1_4,filler_0_7,filler_1_5,ugly-five-days-sentadjorder2-twoAdjs-1,astonishing-three-days-sentadjorder1-twoAdjs-0,filler_0_3,filler_1_1,The tourist passed a hideous mere five days in Papua New Guinea.,The bone dog the chewed.,The fragrant orangutan sings loudest at Easter.,Chardon sees often Kuru.,Malevolent floral candy is delicious.,I wonder you ate how much.,The bone chewed the dog.,The diplomat worked for a staggering ugly five days in Nairobi.,The family spent an astonishing meager three days in London.,Bob walk.,Flosa has often seen Marn.
46,filler_1_4,filler_1_5,filler_0_7,impressive-five-days-sentadjorder1-twoAdjs-1,filler_1_1,filler_1_8,filler_0_2,beautiful-three-days-sentadjorder1-twoAdjs-0,filler_0_6,astonishing-three-days-sentadjorder2-twoAdjs-2,filler_0_3,Malevolent floral candy is delicious.,The bone chewed the dog.,I wonder you ate how much.,The diplomat worked for an impressive staggering five days in Nairobi.,Flosa has often seen Marn.,The fragrant orangutan sings loudest at Easter.,Chardon sees often Kuru.,The family spent a beautiful paltry three days in London.,The bone dog the chewed.,The tourist passed a paltry astonishing three days in Papua New Guinea.,Bob walk.
47,astonishing-three-days-sentadjorder1-twoAdjs-0,filler_1_5,impressive-five-days-sentadjorder1-twoAdjs-2,filler_0_3,impressive-five-days-sentadjorder2-twoAdjs-1,filler_0_7,filler_0_2,filler_1_4,filler_1_8,filler_1_1,filler_0_6,The family spent an astonishing mere three days in London.,The bone chewed the dog.,The tourist passed an impressive paltry five days in Papua New Guinea.,Bob walk.,The diplomat worked for a paltry impressive five days in Nairobi.,I wonder you ate how much.,Chardon sees often Kuru.,Malevolent floral candy is delicious.,The fragrant orangutan sings loudest at Easter.,Flosa has often seen Marn.,The bone dog the chewed.
48,impressive-three-days-sentadjorder2-twoAdjs-0,filler_0_2,astonishing-three-days-sentadjorder2-twoAdjs-1,filler_0_7,filler_1_5,filler_1_1,filler_1_8,filler_0_3,beautiful-three-days-sentadjorder1-twoAdjs-2,filler_0_6,filler_1_4,The family spent a mere impressive three days in London.,Chardon sees often Kuru.,The diplomat worked for a staggering astonishing three days in Nairobi.,I wonder you ate how much.,The bone chewed the dog.,Flosa has often seen Marn.,The fragrant orangutan sings loudest at Easter.,Bob walk.,The tourist passed a beautiful hefty three days in Papua New Guinea.,The bone dog the chewed.,Malevolent floral candy is delicious.
49,filler_1_4,beautiful-three-days-sentadjorder2-twoAdjs-2,filler_0_7,filler_1_5,filler_0_2,filler_0_6,hideous-three-days-sentadjorder1-twoAdjs-1,ugly-three-days-sentadjorder1-twoAdjs-0,filler_0_3,filler_1_8,filler_1_1,Malevolent floral candy is delicious.,The tourist passed a mere beautiful three days in Papua New Guinea.,I wonder you ate how much.,The bone chewed the dog.,Chardon sees often Kuru.,The bone dog the chewed.,The diplomat worked for a hideous meager three days in Nairobi.,The family spent an ugly meager three days in London.,Bob walk.,The fragrant orangutan sings loudest at Easter.,Flosa has often seen Marn.
50,filler_1_1,filler_0_7,filler_1_5,filler_1_8,filler_0_6,filler_0_2,astonishing-three-days-sentadjorder2-twoAdjs-1,impressive-five-days-sentadjorder1-twoAdjs-2,filler_0_3,impressive-five-days-sentadjorder2-twoAdjs-0,filler_1_4,Flosa has often seen Marn.,I wonder you ate how much.,The bone chewed the dog.,The fragrant orangutan sings loudest at Easter.,The bone dog the chewed.,Chardon sees often Kuru.,The diplomat worked for a meager astonishing three days in Nairobi.,The tourist passed an impressive staggering five days in Papua New Guinea.,Bob walk.,The family spent a meager impressive five days in London.,Malevolent floral candy is delicious.
51,filler_1_4,filler_0_6,beautiful-five-days-sentadjorder2-twoAdjs-0,filler_0_2,filler_1_5,filler_1_8,impressive-five-days-sentadjorder2-twoAdjs-2,astonishing-five-days-sentadjorder1-twoAdjs-1,filler_1_1,filler_0_3,filler_0_7,Malevolent floral candy is delicious.,The bone dog the chewed.,The family spent a whopping beautiful five days in London.,Chardon sees often Kuru.,The bone chewed the dog.,The fragrant orangutan sings loudest at Easter.,The tourist passed a whopping impressive five days in Papua New Guinea.,The diplomat worked for an astonishing meager five days in Nairobi.,Flosa has often seen Marn.,Bob walk.,I wonder you ate how much.
52,filler_1_4,filler_1_1,filler_1_8,filler_0_3,filler_1_5,filler_0_7,filler_0_2,ugly-five-days-sentadjorder2-twoAdjs-0,astonishing-five-days-sentadjorder1-twoAdjs-2,filler_0_6,astonishing-three-days-sentadjorder2-twoAdjs-1,Malevolent floral candy is delicious.,Flosa has often seen Marn.,The fragrant orangutan sings loudest at Easter.,Bob walk.,The bone chewed the dog.,I wonder you ate how much.,Chardon sees often Kuru.,The family spent a whopping ugly five days in London.,The tourist passed an astonishing paltry five days in Papua New Guinea.,The bone dog the chewed.,The diplomat worked for a whopping astonishing three days in Nairobi.
53,filler_1_5,filler_0_6,ugly-three-days-sentadjorder2-twoAdjs-1,filler_0_3,impressive-three-days-sentadjorder2-twoAdjs-0,filler_0_2,filler_1_1,filler_0_7,beautiful-five-days-sentadjorder2-twoAdjs-2,filler_1_8,filler_1_4,The bone chewed the dog.,The bone dog the chewed.,The diplomat worked for a paltry ugly three days in Nairobi.,Bob walk.,The family spent a whopping impressive three days in London.,Chardon sees often Kuru.,Flosa has often seen Marn.,I wonder you ate how much.,The tourist passed a paltry beautiful five days in Papua New Guinea.,The fragrant orangutan sings loudest at Easter.,Malevolent floral candy is delicious.
54,filler_1_5,filler_1_1,filler_0_7,filler_0_6,filler_1_4,filler_1_8,filler_0_2,astonishing-five-days-sentadjorder2-twoAdjs-0,filler_0_3,beautiful-three-days-sentadjorder1-twoAdjs-1,hideous-five-days-sentadjorder1-twoAdjs-2,The bone chewed the dog.,Flosa has often seen Marn.,I wonder you ate how much.,The bone dog the chewed.,Malevolent floral candy is delicious.,The fragrant orangutan sings loudest at Easter.,Chardon sees often Kuru.,The family spent a whopping astonishing five days in London.,Bob walk.,The diplomat worked for a beautiful mere three days in Nairobi.,The tourist passed a hideous paltry five days in Papua New Guinea.
55,filler_1_1,impressive-five-days-sentadjorder1-twoAdjs-0,filler_0_6,filler_0_2,filler_1_4,astonishing-five-days-sentadjorder2-twoAdjs-2,filler_1_8,filler_1_5,beautiful-three-days-sentadjorder1-twoAdjs-1,filler_0_7,filler_0_3,Flosa has often seen Marn.,The family spent an impressive meager five days in London.,The bone dog the chewed.,Chardon sees often Kuru.,Malevolent floral candy is delicious.,The tourist passed a whopping astonishing five days in Papua New Guinea.,The fragrant orangutan sings loudest at Easter.,The bone chewed the dog.,The diplomat worked for a beautiful meager three days in Nairobi.,I wonder you ate how much.,Bob walk.
56,filler_0_7,filler_1_1,ugly-three-days-sentadjorder1-twoAdjs-2,filler_1_4,beautiful-five-days-sentadjorder1-twoAdjs-1,filler_0_3,filler_0_6,astonishing-three-days-sentadjorder2-twoAdjs-0,filler_1_8,filler_1_5,filler_0_2,I wonder you ate how much.,Flosa has often seen Marn.,The tourist passed an ugly meager three days in Papua New Guinea.,Malevolent floral candy is delicious.,The diplomat worked for a beautiful paltry five days in Nairobi.,Bob walk.,The bone dog the chewed.,The family spent a whopping astonishing three days in London.,The fragrant orangutan sings loudest at Easter.,The bone chewed the dog.,Chardon sees often Kuru.
57,filler_1_5,ugly-three-days-sentadjorder2-twoAdjs-0,filler_0_6,filler_1_8,beautiful-five-days-sentadjorder1-twoAdjs-1,astonishing-five-days-sentadjorder2-twoAdjs-2,filler_0_2,filler_0_7,filler_0_3,filler_1_4,filler_1_1,The bone chewed the dog.,The family spent a paltry ugly three days in London.,The bone dog the chewed.,The fragrant orangutan sings loudest at Easter.,The diplomat worked for a beautiful staggering five days in Nairobi.,The tourist passed a staggering astonishing five days in Papua New Guinea.,Chardon sees often Kuru.,I wonder you ate how much.,Bob walk.,Malevolent floral candy is delicious.,Flosa has often seen Marn.
58,filler_1_8,beautiful-three-days-sentadjorder2-twoAdjs-0,filler_1_1,filler_1_5,filler_0_3,astonishing-three-days-sentadjorder1-twoAdjs-1,filler_1_4,filler_0_7,filler_0_6,beautiful-three-days-sentadjorder1-twoAdjs-2,filler_0_2,The fragrant orangutan sings loudest at Easter.,The family spent a hefty beautiful three days in London.,Flosa has often seen Marn.,The bone chewed the dog.,Bob walk.,The diplomat worked for an astonishing meager three days in Nairobi.,Malevolent floral candy is delicious.,I wonder you ate how much.,The bone dog the chewed.,The tourist passed a beautiful paltry three days in Papua New Guinea.,Chardon sees often Kuru.
59,filler_0_3,filler_1_5,filler_0_2,filler_1_4,filler_0_6,astonishing-three-days-sentadjorder2-twoAdjs-0,hideous-three-days-sentadjorder1-twoAdjs-1,filler_1_1,astonishing-three-days-sentadjorder1-twoAdjs-2,filler_0_7,filler_1_8,Bob walk.,The bone chewed the dog.,Chardon sees often Kuru.,Malevolent floral candy is delicious.,The bone dog the chewed.,The family spent a paltry astonishing three days in London.,The diplomat worked for a hideous hefty three days in Nairobi.,Flosa has often seen Marn.,The tourist passed an astonishing staggering three days in Papua New Guinea.,I wonder you ate how much.,The fragrant orangutan sings loudest at Easter.
60,filler_1_1,ugly-five-days-sentadjorder1-twoAdjs-1,filler_0_2,filler_1_8,filler_1_4,filler_0_7,filler_0_6,astonishing-three-days-sentadjorder2-twoAdjs-0,impressive-five-days-sentadjorder1-twoAdjs-2,filler_0_3,filler_1_5,Flosa has often seen Marn.,The diplomat worked for an ugly mere five days in Nairobi.,Chardon sees often Kuru.,The fragrant orangutan sings loudest at Easter.,Malevolent floral candy is delicious.,I wonder you ate how much.,The bone dog the chewed.,The family spent a meager astonishing three days in London.,The tourist passed an impressive hefty five days in Papua New Guinea.,Bob walk.,The bone chewed the dog.
61,ugly-three-days-sentadjorder1-twoAdjs-2,filler_1_5,filler_0_7,beautiful-five-days-sentadjorder1-twoAdjs-0,hideous-five-days-sentadjorder2-twoAdjs-1,filler_0_6,filler_0_2,filler_1_8,filler_0_3,filler_1_1,filler_1_4,The tourist passed an ugly mere three days in Papua New Guinea.,The bone chewed the dog.,I wonder you ate how much.,The family spent a beautiful whopping five days in London.,The diplomat worked for a paltry hideous five days in Nairobi.,The bone dog the chewed.,Chardon sees often Kuru.,The fragrant orangutan sings loudest at Easter.,Bob walk.,Flosa has often seen Marn.,Malevolent floral candy is delicious.
62,filler_1_5,hideous-five-days-sentadjorder1-twoAdjs-0,filler_1_1,filler_0_7,filler_1_4,filler_1_8,filler_0_6,filler_0_3,hideous-five-days-sentadjorder1-twoAdjs-2,filler_0_2,astonishing-three-days-sentadjorder1-twoAdjs-1,The bone chewed the dog.,The family spent a hideous whopping five days in London.,Flosa has often seen Marn.,I wonder you ate how much.,Malevolent floral candy is delicious.,The fragrant orangutan sings loudest at Easter.,The bone dog the chewed.,Bob walk.,The tourist passed a hideous hefty five days in Papua New Guinea.,Chardon sees often Kuru.,The diplomat worked for an astonishing hefty three days in Nairobi.
63,filler_0_7,filler_1_4,filler_0_6,astonishing-three-days-sentadjorder2-twoAdjs-2,hideous-five-days-sentadjorder2-twoAdjs-0,filler_0_2,filler_1_1,filler_1_5,beautiful-three-days-sentadjorder1-twoAdjs-1,filler_0_3,filler_1_8,I wonder you ate how much.,Malevolent floral candy is delicious.,The bone dog the chewed.,The tourist passed a hefty astonishing three days in Papua New Guinea.,The family spent a staggering hideous five days in London.,Chardon sees often Kuru.,Flosa has often seen Marn.,The bone chewed the dog.,The diplomat worked for a beautiful hefty three days in Nairobi.,Bob walk.,The fragrant orangutan sings loudest at Easter.
64,filler_0_3,filler_1_1,filler_0_6,filler_1_5,filler_0_7,filler_1_8,filler_1_4,impressive-five-days-sentadjorder2-twoAdjs-1,astonishing-three-days-sentadjorder2-twoAdjs-2,filler_0_2,hideous-three-days-sentadjorder1-twoAdjs-0,Bob walk.,Flosa has often seen Marn.,The bone dog the chewed.,The bone chewed the dog.,I wonder you ate how much.,The fragrant orangutan sings loudest at Easter.,Malevolent floral candy is delicious.,The diplomat worked for a staggering impressive five days in Nairobi.,The tourist passed a meager astonishing three days in Papua New Guinea.,Chardon sees often Kuru.,The family spent a hideous staggering three days in London.
65,filler_1_8,ugly-three-days-sentadjorder1-twoAdjs-0,filler_0_3,filler_1_4,filler_0_6,filler_0_2,beautiful-three-days-sentadjorder1-twoAdjs-1,filler_0_7,filler_1_5,filler_1_1,astonishing-three-days-sentadjorder1-twoAdjs-2,The fragrant orangutan sings loudest at Easter.,The family spent an ugly staggering three days in London.,Bob walk.,Malevolent floral candy is delicious.,The bone dog the chewed.,Chardon sees often Kuru.,The diplomat worked for a beautiful staggering three days in Nairobi.,I wonder you ate how much.,The bone chewed the dog.,Flosa has often seen Marn.,The tourist passed an astonishing hefty three days in Papua New Guinea.
66,beautiful-three-days-sentadjorder2-twoAdjs-0,filler_0_6,filler_1_1,ugly-three-days-sentadjorder2-twoAdjs-2,filler_0_2,filler_1_8,filler_0_7,filler_0_3,filler_1_4,impressive-five-days-sentadjorder1-twoAdjs-1,filler_1_5,The family spent a staggering beautiful three days in London.,The bone dog the chewed.,Flosa has often seen Marn.,The tourist passed a staggering ugly three days in Papua New Guinea.,Chardon sees often Kuru.,The fragrant orangutan sings loudest at Easter.,I wonder you ate how much.,Bob walk.,Malevolent floral candy is delicious.,The diplomat worked for an impressive hefty five days in Nairobi.,The bone chewed the dog.
67,ugly-three-days-sentadjorder2-twoAdjs-1,filler_1_1,filler_0_6,filler_1_4,filler_0_3,beautiful-three-days-sentadjorder1-twoAdjs-2,filler_1_5,filler_1_8,filler_0_2,hideous-three-days-sentadjorder2-twoAdjs-0,filler_0_7,The diplomat worked for a mere ugly three days in Nairobi.,Flosa has often seen Marn.,The bone dog the chewed.,Malevolent floral candy is delicious.,Bob walk.,The tourist passed a beautiful whopping three days in Papua New Guinea.,The bone chewed the dog.,The fragrant orangutan sings loudest at Easter.,Chardon sees often Kuru.,The family spent a meager hideous three days in London.,I wonder you ate how much.
68,filler_0_6,impressive-five-days-sentadjorder2-twoAdjs-2,filler_1_8,impressive-three-days-sentadjorder2-twoAdjs-1,filler_1_4,filler_1_1,filler_0_7,filler_0_2,filler_0_3,beautiful-three-days-sentadjorder2-twoAdjs-0,filler_1_5,The bone dog the chewed.,The tourist passed a paltry impressive five days in Papua New Guinea.,The fragrant orangutan sings loudest at Easter.,The diplomat worked for a mere impressive three days in Nairobi.,Malevolent floral candy is delicious.,Flosa has often seen Marn.,I wonder you ate how much.,Chardon sees often Kuru.,Bob walk.,The family spent a paltry beautiful three days in London.,The bone chewed the dog.
69,filler_1_5,filler_0_7,filler_0_2,filler_0_6,filler_1_8,ugly-five-days-sentadjorder1-twoAdjs-1,filler_1_1,ugly-five-days-sentadjorder2-twoAdjs-0,filler_1_4,filler_0_3,hideous-three-days-sentadjorder1-twoAdjs-2,The bone chewed the dog.,I wonder you ate how much.,Chardon sees often Kuru.,The bone dog the chewed.,The fragrant orangutan sings loudest at Easter.,The diplomat worked for an ugly paltry five days in Nairobi.,Flosa has often seen Marn.,The family spent a paltry ugly five days in London.,Malevolent floral candy is delicious.,Bob walk.,The tourist passed a hideous whopping three days in Papua New Guinea.
70,ugly-five-days-sentadjorder1-twoAdjs-2,beautiful-three-days-sentadjorder2-twoAdjs-1,filler_0_6,filler_0_2,filler_0_3,filler_1_1,hideous-five-days-sentadjorder2-twoAdjs-0,filler_1_8,filler_0_7,filler_1_4,filler_1_5,The tourist passed an ugly meager five days in Papua New Guinea.,The diplomat worked for a staggering beautiful three days in Nairobi.,The bone dog the chewed.,Chardon sees often Kuru.,Bob walk.,Flosa has often seen Marn.,The family spent a mere hideous five days in London.,The fragrant orangutan sings loudest at Easter.,I wonder you ate how much.,Malevolent floral candy is delicious.,The bone chewed the dog.
71,filler_1_1,filler_1_4,filler_0_3,filler_0_6,filler_1_8,filler_1_5,beautiful-three-days-sentadjorder2-twoAdjs-1,hideous-three-days-sentadjorder1-twoAdjs-2,filler_0_2,impressive-five-days-sentadjorder1-twoAdjs-0,filler_0_7,Flosa has often seen Marn.,Malevolent floral candy is delicious.,Bob walk.,The bone dog the chewed.,The fragrant orangutan sings loudest at Easter.,The bone chewed the dog.,The diplomat worked for a meager beautiful three days in Nairobi.,The tourist passed a hideous hefty three days in Papua New Guinea.,Chardon sees often Kuru.,The family spent an impressive whopping five days in London.,I wonder you ate how much.
72,hideous-five-days-sentadjorder1-twoAdjs-1,filler_1_5,impressive-three-days-sentadjorder2-twoAdjs-2,filler_0_6,filler_1_1,hideous-five-days-sentadjorder2-twoAdjs-0,filler_1_4,filler_0_7,filler_0_2,filler_0_3,filler_1_8,The diplomat worked for a hideous mere five days in Nairobi.,The bone chewed the dog.,The tourist passed a mere impressive three days in Papua New Guinea.,The bone dog the chewed.,Flosa has often seen Marn.,The family spent a paltry hideous five days in London.,Malevolent floral candy is delicious.,I wonder you ate how much.,Chardon sees often Kuru.,Bob walk.,The fragrant orangutan sings loudest at Easter.
73,filler_0_6,filler_1_1,filler_1_4,beautiful-three-days-sentadjorder2-twoAdjs-1,filler_0_3,filler_0_2,filler_1_5,filler_0_7,hideous-five-days-sentadjorder1-twoAdjs-0,ugly-three-days-sentadjorder2-twoAdjs-2,filler_1_8,The bone dog the chewed.,Flosa has often seen Marn.,Malevolent floral candy is delicious.,The diplomat worked for a mere beautiful three days in Nairobi.,Bob walk.,Chardon sees often Kuru.,The bone chewed the dog.,I wonder you ate how much.,The family spent a hideous mere five days in London.,The tourist passed a paltry ugly three days in Papua New Guinea.,The fragrant orangutan sings loudest at Easter.
74,filler_1_4,filler_0_3,filler_1_5,beautiful-three-days-sentadjorder1-twoAdjs-2,filler_0_2,astonishing-five-days-sentadjorder1-twoAdjs-0,filler_0_7,astonishing-five-days-sentadjorder2-twoAdjs-1,filler_0_6,filler_1_8,filler_1_1,Malevolent floral candy is delicious.,Bob walk.,The bone chewed the dog.,The tourist passed a beautiful staggering three days in Papua New Guinea.,Chardon sees often Kuru.,The family spent an astonishing paltry five days in London.,I wonder you ate how much.,The diplomat worked for a mere astonishing five days in Nairobi.,The bone dog the chewed.,The fragrant orangutan sings loudest at Easter.,Flosa has often seen Marn.
75,filler_0_3,filler_1_4,impressive-three-days-sentadjorder1-twoAdjs-2,filler_0_7,hideous-five-days-sentadjorder1-twoAdjs-0,filler_1_1,hideous-three-days-sentadjorder1-twoAdjs-1,filler_1_8,filler_0_6,filler_1_5,filler_0_2,Bob walk.,Malevolent floral candy is delicious.,The tourist passed an impressive hefty three days in Papua New Guinea.,I wonder you ate how much.,The family spent a hideous paltry five days in London.,Flosa has often seen Marn.,The diplomat worked for a hideous paltry three days in Nairobi.,The fragrant orangutan sings loudest at Easter.,The bone dog the chewed.,The bone chewed the dog.,Chardon sees often Kuru.
76,filler_0_7,filler_0_6,filler_1_1,filler_1_8,ugly-three-days-sentadjorder1-twoAdjs-1,impressive-five-days-sentadjorder2-twoAdjs-0,filler_0_2,filler_1_4,beautiful-five-days-sentadjorder2-twoAdjs-2,filler_0_3,filler_1_5,I wonder you ate how much.,The bone dog the chewed.,Flosa has often seen Marn.,The fragrant orangutan sings loudest at Easter.,The diplomat worked for an ugly paltry three days in Nairobi.,The family spent a mere impressive five days in London.,Chardon sees often Kuru.,Malevolent floral candy is delicious.,The tourist passed a whopping beautiful five days in Papua New Guinea.,Bob walk.,The bone chewed the dog.
77,filler_1_1,filler_1_4,filler_1_5,filler_0_2,filler_1_8,ugly-five-days-sentadjorder2-twoAdjs-1,filler_0_3,filler_0_7,hideous-three-days-sentadjorder1-twoAdjs-2,impressive-five-days-sentadjorder2-twoAdjs-0,filler_0_6,Flosa has often seen Marn.,Malevolent floral candy is delicious.,The bone chewed the dog.,Chardon sees often Kuru.,The fragrant orangutan sings loudest at Easter.,The diplomat worked for a paltry ugly five days in Nairobi.,Bob walk.,I wonder you ate how much.,The tourist passed a hideous paltry three days in Papua New Guinea.,The family spent a whopping impressive five days in London.,The bone dog the chewed.
78,filler_1_5,filler_1_4,filler_0_3,filler_0_7,beautiful-three-days-sentadjorder2-twoAdjs-0,filler_0_6,beautiful-five-days-sentadjorder2-twoAdjs-1,filler_1_1,beautiful-three-days-sentadjorder1-twoAdjs-2,filler_0_2,filler_1_8,The bone chewed the dog.,Malevolent floral candy is delicious.,Bob walk.,I wonder you ate how much.,The family spent a mere beautiful three days in London.,The bone dog the chewed.,The diplomat worked for a staggering beautiful five days in Nairobi.,Flosa has often seen Marn.,The tourist passed a beautiful meager three days in Papua New Guinea.,Chardon sees often Kuru.,The fragrant orangutan sings loudest at Easter.
79,ugly-three-days-sentadjorder1-twoAdjs-2,filler_1_8,hideous-three-days-sentadjorder1-twoAdjs-1,filler_0_6,filler_0_3,filler_0_2,filler_1_1,astonishing-three-days-sentadjorder1-twoAdjs-0,filler_1_4,filler_1_5,filler_0_7,The tourist passed an ugly hefty three days in Papua New Guinea.,The fragrant orangutan sings loudest at Easter.,The diplomat worked for a hideous mere three days in Nairobi.,The bone dog the chewed.,Bob walk.,Chardon sees often Kuru.,Flosa has often seen Marn.,The family spent an astonishing paltry three days in London.,Malevolent floral candy is delicious.,The bone chewed the dog.,I wonder you ate how much.
80,filler_0_7,filler_1_8,filler_1_4,hideous-five-days-sentadjorder1-twoAdjs-2,filler_1_1,filler_1_5,ugly-three-days-sentadjorder1-twoAdjs-0,filler_0_2,filler_0_6,beautiful-three-days-sentadjorder2-twoAdjs-1,filler_0_3,I wonder you ate how much.,The fragrant orangutan sings loudest at Easter.,Malevolent floral candy is delicious.,The tourist passed a hideous meager five days in Papua New Guinea.,Flosa has often seen Marn.,The bone chewed the dog.,The family spent an ugly mere three days in London.,Chardon sees often Kuru.,The bone dog the chewed.,The diplomat worked for a paltry beautiful three days in Nairobi.,Bob walk.
81,astonishing-five-days-sentadjorder1-twoAdjs-0,filler_1_1,filler_0_3,beautiful-five-days-sentadjorder2-twoAdjs-1,filler_1_8,filler_0_2,filler_0_6,filler_1_5,filler_0_7,filler_1_4,astonishing-three-days-sentadjorder2-twoAdjs-2,The family spent an astonishing hefty five days in London.,Flosa has often seen Marn.,Bob walk.,The diplomat worked for a whopping beautiful five days in Nairobi.,The fragrant orangutan sings loudest at Easter.,Chardon sees often Kuru.,The bone dog the chewed.,The bone chewed the dog.,I wonder you ate how much.,Malevolent floral candy is delicious.,The tourist passed a whopping astonishing three days in Papua New Guinea.
82,astonishing-five-days-sentadjorder2-twoAdjs-2,filler_1_5,filler_1_1,filler_0_7,filler_1_8,beautiful-three-days-sentadjorder1-twoAdjs-0,filler_0_6,filler_0_3,filler_1_4,beautiful-three-days-sentadjorder2-twoAdjs-1,filler_0_2,The tourist passed a meager astonishing five days in Papua New Guinea.,The bone chewed the dog.,Flosa has often seen Marn.,I wonder you ate how much.,The fragrant orangutan sings loudest at Easter.,The family spent a beautiful whopping three days in London.,The bone dog the chewed.,Bob walk.,Malevolent floral candy is delicious.,The diplomat worked for a whopping beautiful three days in Nairobi.,Chardon sees often Kuru.
83,ugly-three-days-sentadjorder2-twoAdjs-0,filler_0_2,filler_1_5,filler_0_7,filler_1_8,astonishing-three-days-sentadjorder2-twoAdjs-1,filler_1_1,filler_1_4,impressive-three-days-sentadjorder1-twoAdjs-2,filler_0_6,filler_0_3,The family spent a staggering ugly three days in London.,Chardon sees often Kuru.,The bone chewed the dog.,I wonder you ate how much.,The fragrant orangutan sings loudest at Easter.,The diplomat worked for a mere astonishing three days in Nairobi.,Flosa has often seen Marn.,Malevolent floral candy is delicious.,The tourist passed an impressive staggering three days in Papua New Guinea.,The bone dog the chewed.,Bob walk.
84,ugly-five-days-sentadjorder2-twoAdjs-2,filler_1_8,filler_1_4,impressive-five-days-sentadjorder2-twoAdjs-0,filler_0_3,filler_0_7,filler_1_1,hideous-five-days-sentadjorder1-twoAdjs-1,filler_0_6,filler_1_5,filler_0_2,The tourist passed a staggering ugly five days in Papua New Guinea.,The fragrant orangutan sings loudest at Easter.,Malevolent floral candy is delicious.,The family spent a staggering impressive five days in London.,Bob walk.,I wonder you ate how much.,Flosa has often seen Marn.,The diplomat worked for a hideous staggering five days in Nairobi.,The bone dog the chewed.,The bone chewed the dog.,Chardon sees often Kuru.
85,hideous-five-days-sentadjorder2-twoAdjs-0,astonishing-five-days-sentadjorder2-twoAdjs-1,filler_0_7,filler_0_2,filler_0_6,astonishing-three-days-sentadjorder1-twoAdjs-2,filler_0_3,filler_1_8,filler_1_5,filler_1_4,filler_1_1,The family spent a meager hideous five days in London.,The diplomat worked for a meager astonishing five days in Nairobi.,I wonder you ate how much.,Chardon sees often Kuru.,The bone dog the chewed.,The tourist passed an astonishing whopping three days in Papua New Guinea.,Bob walk.,The fragrant orangutan sings loudest at Easter.,The bone chewed the dog.,Malevolent floral candy is delicious.,Flosa has often seen Marn.
86,filler_0_6,filler_0_7,impressive-three-days-sentadjorder1-twoAdjs-0,filler_1_8,filler_0_3,filler_1_4,filler_1_5,ugly-three-days-sentadjorder2-twoAdjs-1,filler_0_2,filler_1_1,astonishing-three-days-sentadjorder2-twoAdjs-2,The bone dog the chewed.,I wonder you ate how much.,The family spent an impressive staggering three days in London.,The fragrant orangutan sings loudest at Easter.,Bob walk.,Malevolent floral candy is delicious.,The bone chewed the dog.,The diplomat worked for a hefty ugly three days in Nairobi.,Chardon sees often Kuru.,Flosa has often seen Marn.,The tourist passed a mere astonishing three days in Papua New Guinea.
87,filler_1_4,ugly-three-days-sentadjorder2-twoAdjs-0,ugly-three-days-sentadjorder2-twoAdjs-1,filler_0_2,filler_0_3,filler_0_6,filler_1_1,ugly-five-days-sentadjorder1-twoAdjs-2,filler_1_5,filler_1_8,filler_0_7,Malevolent floral candy is delicious.,The family spent a hefty ugly three days in London.,The diplomat worked for a staggering ugly three days in Nairobi.,Chardon sees often Kuru.,Bob walk.,The bone dog the chewed.,Flosa has often seen Marn.,The tourist passed an ugly whopping five days in Papua New Guinea.,The bone chewed the dog.,The fragrant orangutan sings loudest at Easter.,I wonder you ate how much.
88,astonishing-five-days-sentadjorder1-twoAdjs-2,filler_0_3,filler_1_1,filler_0_6,beautiful-five-days-sentadjorder1-twoAdjs-1,filler_1_5,filler_1_4,ugly-five-days-sentadjorder1-twoAdjs-0,filler_1_8,filler_0_7,filler_0_2,The tourist passed an astonishing mere five days in Papua New Guinea.,Bob walk.,Flosa has often seen Marn.,The bone dog the chewed.,The diplomat worked for a beautiful meager five days in Nairobi.,The bone chewed the dog.,Malevolent floral candy is delicious.,The family spent an ugly whopping five days in London.,The fragrant orangutan sings loudest at Easter.,I wonder you ate how much.,Chardon sees often Kuru.
89,filler_0_7,beautiful-three-days-sentadjorder2-twoAdjs-0,filler_0_6,filler_0_2,hideous-five-days-sentadjorder2-twoAdjs-2,filler_1_8,astonishing-five-days-sentadjorder1-twoAdjs-1,filler_1_1,filler_1_5,filler_0_3,filler_1_4,I wonder you ate how much.,The family spent a whopping beautiful three days in London.,The bone dog the chewed.,Chardon sees often Kuru.,The tourist passed a meager hideous five days in Papua New Guinea.,The fragrant orangutan sings loudest at Easter.,The diplomat worked for an astonishing whopping five days in Nairobi.,Flosa has often seen Marn.,The bone chewed the dog.,Bob walk.,Malevolent floral candy is delicious.
90,filler_0_6,filler_0_2,impressive-three-days-sentadjorder2-twoAdjs-0,filler_1_1,beautiful-five-days-sentadjorder1-twoAdjs-1,filler_0_3,filler_1_8,filler_1_5,filler_0_7,filler_1_4,astonishing-three-days-sentadjorder1-twoAdjs-2,The bone dog the chewed.,Chardon sees often Kuru.,The family spent a paltry impressive three days in London.,Flosa has often seen Marn.,The diplomat worked for a beautiful mere five days in Nairobi.,Bob walk.,The fragrant orangutan sings loudest at Easter.,The bone chewed the dog.,I wonder you ate how much.,Malevolent floral candy is delicious.,The tourist passed an astonishing paltry three days in Papua New Guinea.
91,filler_0_3,ugly-five-days-sentadjorder1-twoAdjs-1,filler_0_2,astonishing-five-days-sentadjorder1-twoAdjs-2,filler_1_1,filler_0_7,beautiful-five-days-sentadjorder1-twoAdjs-0,filler_1_5,filler_0_6,filler_1_8,filler_1_4,Bob walk.,The diplomat worked for an ugly hefty five days in Nairobi.,Chardon sees often Kuru.,The tourist passed an astonishing hefty five days in Papua New Guinea.,Flosa has often seen Marn.,I wonder you ate how much.,The family spent a beautiful staggering five days in London.,The bone chewed the dog.,The bone dog the chewed.,The fragrant orangutan sings loudest at Easter.,Malevolent floral candy is delicious.
92,ugly-five-days-sentadjorder1-twoAdjs-1,filler_1_4,filler_0_6,filler_1_8,filler_0_7,beautiful-five-days-sentadjorder1-twoAdjs-0,filler_1_5,filler_0_2,filler_0_3,filler_1_1,hideous-five-days-sentadjorder2-twoAdjs-2,The diplomat worked for an ugly meager five days in Nairobi.,Malevolent floral candy is delicious.,The bone dog the chewed.,The fragrant orangutan sings loudest at Easter.,I wonder you ate how much.,The family spent a beautiful meager five days in London.,The bone chewed the dog.,Chardon sees often Kuru.,Bob walk.,Flosa has often seen Marn.,The tourist passed a mere hideous five days in Papua New Guinea.
93,filler_0_7,filler_1_4,filler_1_5,impressive-three-days-sentadjorder1-twoAdjs-0,ugly-five-days-sentadjorder2-twoAdjs-1,filler_1_8,filler_0_3,filler_0_6,beautiful-five-days-sentadjorder1-twoAdjs-2,filler_0_2,filler_1_1,I wonder you ate how much.,Malevolent floral candy is delicious.,The bone chewed the dog.,The family spent an impressive whopping three days in London.,The diplomat worked for a hefty ugly five days in Nairobi.,The fragrant orangutan sings loudest at Easter.,Bob walk.,The bone dog the chewed.,The tourist passed a beautiful hefty five days in Papua New Guinea.,Chardon sees often Kuru.,Flosa has often seen Marn.
94,filler_1_1,filler_0_6,hideous-five-days-sentadjorder2-twoAdjs-0,filler_1_4,impressive-three-days-sentadjorder1-twoAdjs-1,filler_0_2,filler_1_8,filler_0_3,impressive-five-days-sentadjorder2-twoAdjs-2,filler_0_7,filler_1_5,Flosa has often seen Marn.,The bone dog the chewed.,The family spent a hefty hideous five days in London.,Malevolent floral candy is delicious.,The diplomat worked for an impressive whopping three days in Nairobi.,Chardon sees often Kuru.,The fragrant orangutan sings loudest at Easter.,Bob walk.,The tourist passed a mere impressive five days in Papua New Guinea.,I wonder you ate how much.,The bone chewed the dog.
95,filler_1_4,filler_1_8,filler_0_3,filler_0_7,filler_0_6,ugly-three-days-sentadjorder2-twoAdjs-0,impressive-five-days-sentadjorder2-twoAdjs-2,filler_1_5,ugly-three-days-sentadjorder2-twoAdjs-1,filler_0_2,filler_1_1,Malevolent floral candy is delicious.,The fragrant orangutan sings loudest at Easter.,Bob walk.,I wonder you ate how much.,The bone dog the chewed.,The family spent a mere ugly three days in London.,The tourist passed a staggering impressive five days in Papua New Guinea.,The bone chewed the dog.,The diplomat worked for a whopping ugly three days in Nairobi.,Chardon sees often Kuru.,Flosa has often seen Marn.
96,filler_1_1,filler_1_4,astonishing-five-days-sentadjorder1-twoAdjs-0,impressive-three-days-sentadjorder2-twoAdjs-2,filler_0_3,astonishing-three-days-sentadjorder1-twoAdjs-1,filler_1_8,filler_0_6,filler_0_7,filler_0_2,filler_1_5,Flosa has often seen Marn.,Malevolent floral candy is delicious.,The family spent an astonishing whopping five days in London.,The tourist passed a staggering impressive three days in Papua New Guinea.,Bob walk.,The diplomat worked for an astonishing whopping three days in Nairobi.,The fragrant orangutan sings loudest at Easter.,The bone dog the chewed.,I wonder you ate how much.,Chardon sees often Kuru.,The bone chewed the dog.
97,filler_1_5,hideous-five-days-sentadjorder1-twoAdjs-2,filler_0_2,filler_0_3,astonishing-five-days-sentadjorder1-twoAdjs-0,beautiful-three-days-sentadjorder2-twoAdjs-1,filler_1_1,filler_0_6,filler_0_7,filler_1_8,filler_1_4,The bone chewed the dog.,The tourist passed a hideous whopping five days in Papua New Guinea.,Chardon sees often Kuru.,Bob walk.,The family spent an astonishing staggering five days in London.,The diplomat worked for a hefty beautiful three days in Nairobi.,Flosa has often seen Marn.,The bone dog the chewed.,I wonder you ate how much.,The fragrant orangutan sings loudest at Easter.,Malevolent floral candy is delicious.
98,ugly-five-days-sentadjorder1-twoAdjs-2,filler_1_1,filler_0_7,filler_0_2,filler_0_3,filler_0_6,filler_1_8,filler_1_4,ugly-three-days-sentadjorder1-twoAdjs-0,filler_1_5,ugly-five-days-sentadjorder2-twoAdjs-1,The tourist passed an ugly hefty five days in Papua New Guinea.,Flosa has often seen Marn.,I wonder you ate how much.,Chardon sees often Kuru.,Bob walk.,The bone dog the chewed.,The fragrant orangutan sings loudest at Easter.,Malevolent floral candy is delicious.,The family spent an ugly paltry three days in London.,The bone chewed the dog.,The diplomat worked for a mere ugly five days in Nairobi.
99,ugly-five-days-sentadjorder1-twoAdjs-0,filler_0_7,filler_0_3,ugly-five-days-sentadjorder2-twoAdjs-2,filler_1_5,filler_0_2,filler_1_1,impressive-five-days-sentadjorder2-twoAdjs-1,filler_1_4,filler_1_8,filler_0_6,The family spent an ugly hefty five days in London.,I wonder you ate how much.,Bob walk.,The tourist passed a whopping ugly five days in Papua New Guinea.,The bone chewed the dog.,Chardon sees often Kuru.,Flosa has often seen Marn.,The diplomat worked for a mere impressive five days in Nairobi.,Malevolent floral candy is delicious.,The fragrant orangutan sings loudest at Easter.,The bone dog the chewed.
100,hideous-three-days-sentadjorder2-twoAdjs-2,hideous-five-days-sentadjorder2-twoAdjs-1,ugly-three-days-sentadjorder2-twoAdjs-0,filler_0_7,filler_0_6,filler_1_4,filler_1_5,filler_1_8,filler_0_3,filler_1_1,filler_0_2,The tourist passed a mere hideous three days in Papua New Guinea.,The diplomat worked for a meager hideous five days in Nairobi.,The family spent a whopping ugly three days in London.,I wonder you ate how much.,The bone dog the chewed.,Malevolent floral candy is delicious.,The bone chewed the dog.,The fragrant orangutan sings loudest at Easter.,Bob walk.,Flosa has often seen Marn.,Chardon sees often Kuru.
101,filler_0_2,filler_1_1,ugly-three-days-sentadjorder1-twoAdjs-1,filler_1_4,hideous-three-days-sentadjorder1-twoAdjs-0,filler_0_6,filler_0_3,filler_1_8,filler_0_7,hideous-three-days-sentadjorder2-twoAdjs-2,filler_1_5,Chardon sees often Kuru.,Flosa has often seen Marn.,The diplomat worked for an ugly staggering three days in Nairobi.,Malevolent floral candy is delicious.,The family spent a hideous whopping three days in London.,The bone dog the chewed.,Bob walk.,The fragrant orangutan sings loudest at Easter.,I wonder you ate how much.,The tourist passed a paltry hideous three days in Papua New Guinea.,The bone chewed the dog.
102,hideous-five-days-sentadjorder2-twoAdjs-1,filler_1_4,filler_1_5,filler_1_1,filler_0_6,filler_0_3,impressive-three-days-sentadjorder2-twoAdjs-0,filler_0_2,filler_1_8,ugly-three-days-sentadjorder1-twoAdjs-2,filler_0_7,The diplomat worked for a staggering hideous five days in Nairobi.,Malevolent floral candy is delicious.,The bone chewed the dog.,Flosa has often seen Marn.,The bone dog the chewed.,Bob walk.,The family spent a hefty impressive three days in London.,Chardon sees often Kuru.,The fragrant orangutan sings loudest at Easter.,The tourist passed an ugly whopping three days in Papua New Guinea.,I wonder you ate how much.
103,filler_1_5,hideous-three-days-sentadjorder2-twoAdjs-1,astonishing-three-days-sentadjorder2-twoAdjs-0,filler_0_3,filler_0_2,filler_1_8,hideous-five-days-sentadjorder2-twoAdjs-2,filler_1_4,filler_0_7,filler_0_6,filler_1_1,The bone chewed the dog.,The diplomat worked for a meager hideous three days in Nairobi.,The family spent a mere astonishing three days in London.,Bob walk.,Chardon sees often Kuru.,The fragrant orangutan sings loudest at Easter.,The tourist passed a hefty hideous five days in Papua New Guinea.,Malevolent floral candy is delicious.,I wonder you ate how much.,The bone dog the chewed.,Flosa has often seen Marn.
104,filler_0_3,filler_0_7,hideous-five-days-sentadjorder1-twoAdjs-1,filler_1_5,filler_1_8,filler_1_4,hideous-three-days-sentadjorder1-twoAdjs-0,filler_0_6,beautiful-five-days-sentadjorder2-twoAdjs-2,filler_1_1,filler_0_2,Bob walk.,I wonder you ate how much.,The diplomat worked for a hideous hefty five days in Nairobi.,The bone chewed the dog.,The fragrant orangutan sings loudest at Easter.,Malevolent floral candy is delicious.,The family spent a hideous mere three days in London.,The bone dog the chewed.,The tourist passed a hefty beautiful five days in Papua New Guinea.,Flosa has often seen Marn.,Chardon sees often Kuru.
105,filler_0_3,filler_0_7,filler_1_4,astonishing-five-days-sentadjorder2-twoAdjs-1,filler_1_5,filler_1_1,filler_0_2,impressive-three-days-sentadjorder2-twoAdjs-0,filler_1_8,impressive-five-days-sentadjorder1-twoAdjs-2,filler_0_6,Bob walk.,I wonder you ate how much.,Malevolent floral candy is delicious.,The diplomat worked for a paltry astonishing five days in Nairobi.,The bone chewed the dog.,Flosa has often seen Marn.,Chardon sees often Kuru.,The family spent a meager impressive three days in London.,The fragrant orangutan sings loudest at Easter.,The tourist passed an impressive whopping five days in Papua New Guinea.,The bone dog the chewed.
106,astonishing-five-days-sentadjorder2-twoAdjs-0,ugly-three-days-sentadjorder1-twoAdjs-1,filler_1_8,filler_0_7,filler_1_5,filler_0_3,filler_0_6,ugly-three-days-sentadjorder1-twoAdjs-2,filler_1_4,filler_1_1,filler_0_2,The family spent a hefty astonishing five days in London.,The diplomat worked for an ugly meager three days in Nairobi.,The fragrant orangutan sings loudest at Easter.,I wonder you ate how much.,The bone chewed the dog.,Bob walk.,The bone dog the chewed.,The tourist passed an ugly paltry three days in Papua New Guinea.,Malevolent floral candy is delicious.,Flosa has often seen Marn.,Chardon sees often Kuru.
107,filler_0_3,filler_1_8,hideous-three-days-sentadjorder1-twoAdjs-0,filler_0_7,beautiful-five-days-sentadjorder1-twoAdjs-2,filler_1_1,filler_0_6,filler_0_2,filler_1_5,filler_1_4,impressive-three-days-sentadjorder2-twoAdjs-1,Bob walk.,The fragrant orangutan sings loudest at Easter.,The family spent a hideous paltry three days in London.,I wonder you ate how much.,The tourist passed a beautiful mere five days in Papua New Guinea.,Flosa has often seen Marn.,The bone dog the chewed.,Chardon sees often Kuru.,The bone chewed the dog.,Malevolent floral candy is delicious.,The diplomat worked for a hefty impressive three days in Nairobi.
108,filler_1_1,filler_1_8,hideous-three-days-sentadjorder2-twoAdjs-1,filler_0_6,ugly-three-days-sentadjorder1-twoAdjs-0,hideous-three-days-sentadjorder2-twoAdjs-2,filler_0_2,filler_1_4,filler_0_3,filler_1_5,filler_0_7,Flosa has often seen Marn.,The fragrant orangutan sings loudest at Easter.,The diplomat worked for a paltry hideous three days in Nairobi.,The bone dog the chewed.,The family spent an ugly hefty three days in London.,The tourist passed a meager hideous three days in Papua New Guinea.,Chardon sees often Kuru.,Malevolent floral candy is delicious.,Bob walk.,The bone chewed the dog.,I wonder you ate how much.
109,filler_0_3,filler_0_6,filler_0_7,hideous-three-days-sentadjorder2-twoAdjs-1,filler_1_4,filler_1_1,filler_1_5,impressive-five-days-sentadjorder1-twoAdjs-2,impressive-five-days-sentadjorder1-twoAdjs-0,filler_0_2,filler_1_8,Bob walk.,The bone dog the chewed.,I wonder you ate how much.,The diplomat worked for a staggering hideous three days in Nairobi.,Malevolent floral candy is delicious.,Flosa has often seen Marn.,The bone chewed the dog.,The tourist passed an impressive mere five days in Papua New Guinea.,The family spent an impressive paltry five days in London.,Chardon sees often Kuru.,The fragrant orangutan sings loudest at Easter.
110,filler_1_8,impressive-three-days-sentadjorder2-twoAdjs-1,filler_1_5,filler_1_1,filler_1_4,ugly-five-days-sentadjorder2-twoAdjs-2,filler_0_6,hideous-five-days-sentadjorder1-twoAdjs-0,filler_0_2,filler_0_3,filler_0_7,The fragrant orangutan sings loudest at Easter.,The diplomat worked for a whopping impressive three days in Nairobi.,The bone chewed the dog.,Flosa has often seen Marn.,Malevolent floral candy is delicious.,The tourist passed a hefty ugly five days in Papua New Guinea.,The bone dog the chewed.,The family spent a hideous meager five days in London.,Chardon sees often Kuru.,Bob walk.,I wonder you ate how much.
111,filler_1_1,filler_0_7,filler_0_3,filler_1_5,filler_1_8,astonishing-five-days-sentadjorder1-twoAdjs-2,beautiful-three-days-sentadjorder1-twoAdjs-0,astonishing-three-days-sentadjorder1-twoAdjs-1,filler_0_2,filler_1_4,filler_0_6,Flosa has often seen Marn.,I wonder you ate how much.,Bob walk.,The bone chewed the dog.,The fragrant orangutan sings loudest at Easter.,The tourist passed an astonishing meager five days in Papua New Guinea.,The family spent a beautiful staggering three days in London.,The diplomat worked for an astonishing staggering three days in Nairobi.,Chardon sees often Kuru.,Malevolent floral candy is delicious.,The bone dog the chewed.
112,filler_1_4,filler_0_2,filler_1_8,filler_1_5,filler_0_3,hideous-five-days-sentadjorder2-twoAdjs-2,filler_1_1,impressive-five-days-sentadjorder1-twoAdjs-0,filler_0_7,ugly-five-days-sentadjorder1-twoAdjs-1,filler_0_6,Malevolent floral candy is delicious.,Chardon sees often Kuru.,The fragrant orangutan sings loudest at Easter.,The bone chewed the dog.,Bob walk.,The tourist passed a paltry hideous five days in Papua New Guinea.,Flosa has often seen Marn.,The family spent an impressive staggering five days in London.,I wonder you ate how much.,The diplomat worked for an ugly staggering five days in Nairobi.,The bone dog the chewed.
113,astonishing-three-days-sentadjorder1-twoAdjs-2,filler_0_3,filler_0_2,filler_1_5,impressive-five-days-sentadjorder1-twoAdjs-0,beautiful-five-days-sentadjorder2-twoAdjs-1,filler_1_1,filler_0_6,filler_1_4,filler_0_7,filler_1_8,The tourist passed an astonishing mere three days in Papua New Guinea.,Bob walk.,Chardon sees often Kuru.,The bone chewed the dog.,The family spent an impressive hefty five days in London.,The diplomat worked for a meager beautiful five days in Nairobi.,Flosa has often seen Marn.,The bone dog the chewed.,Malevolent floral candy is delicious.,I wonder you ate how much.,The fragrant orangutan sings loudest at Easter.
114,filler_1_5,filler_1_8,ugly-three-days-sentadjorder1-twoAdjs-1,filler_1_1,beautiful-five-days-sentadjorder1-twoAdjs-0,filler_1_4,filler_0_2,filler_0_3,filler_0_7,filler_0_6,hideous-five-days-sentadjorder2-twoAdjs-2,The bone chewed the dog.,The fragrant orangutan sings loudest at Easter.,The diplomat worked for an ugly hefty three days in Nairobi.,Flosa has often seen Marn.,The family spent a beautiful mere five days in London.,Malevolent floral candy is delicious.,Chardon sees often Kuru.,Bob walk.,I wonder you ate how much.,The bone dog the chewed.,The tourist passed a staggering hideous five days in Papua New Guinea.
115,filler_1_5,filler_1_8,impressive-three-days-sentadjorder2-twoAdjs-1,filler_1_1,filler_0_3,beautiful-five-days-sentadjorder2-twoAdjs-0,filler_0_2,filler_0_6,filler_0_7,filler_1_4,impressive-three-days-sentadjorder2-twoAdjs-2,The bone chewed the dog.,The fragrant orangutan sings loudest at Easter.,The diplomat worked for a paltry impressive three days in Nairobi.,Flosa has often seen Marn.,Bob walk.,The family spent a meager beautiful five days in London.,Chardon sees often Kuru.,The bone dog the chewed.,I wonder you ate how much.,Malevolent floral candy is delicious.,The tourist passed a whopping impressive three days in Papua New Guinea.
116,filler_1_5,ugly-three-days-sentadjorder2-twoAdjs-2,filler_1_4,beautiful-three-days-sentadjorder1-twoAdjs-1,filler_1_8,filler_0_3,filler_0_7,astonishing-three-days-sentadjorder2-twoAdjs-0,filler_0_2,filler_0_6,filler_1_1,The bone chewed the dog.,The tourist passed a hefty ugly three days in Papua New Guinea.,Malevolent floral candy is delicious.,The diplomat worked for a beautiful paltry three days in Nairobi.,The fragrant orangutan sings loudest at Easter.,Bob walk.,I wonder you ate how much.,The family spent a staggering astonishing three days in London.,Chardon sees often Kuru.,The bone dog the chewed.,Flosa has often seen Marn.
117,filler_1_4,hideous-five-days-sentadjorder1-twoAdjs-0,filler_0_3,filler_0_2,filler_1_5,filler_1_8,astonishing-five-days-sentadjorder1-twoAdjs-1,ugly-five-days-sentadjorder2-twoAdjs-2,filler_1_1,filler_0_7,filler_0_6,Malevolent floral candy is delicious.,The family spent a hideous hefty five days in London.,Bob walk.,Chardon sees often Kuru.,The bone chewed the dog.,The fragrant orangutan sings loudest at Easter.,The diplomat worked for an astonishing hefty five days in Nairobi.,The tourist passed a meager ugly five days in Papua New Guinea.,Flosa has often seen Marn.,I wonder you ate how much.,The bone dog the chewed.
118,filler_0_6,filler_0_3,hideous-five-days-sentadjorder1-twoAdjs-1,beautiful-three-days-sentadjorder1-twoAdjs-0,filler_1_4,astonishing-three-days-sentadjorder2-twoAdjs-2,filler_1_8,filler_1_5,filler_0_2,filler_0_7,filler_1_1,The bone dog the chewed.,Bob walk.,The diplomat worked for a hideous paltry five days in Nairobi.,The family spent a beautiful mere three days in London.,Malevolent floral candy is delicious.,The tourist passed a staggering astonishing three days in Papua New Guinea.,The fragrant orangutan sings loudest at Easter.,The bone chewed the dog.,Chardon sees often Kuru.,I wonder you ate how much.,Flosa has often seen Marn.
119,filler_0_6,ugly-five-days-sentadjorder2-twoAdjs-1,filler_0_7,ugly-three-days-sentadjorder2-twoAdjs-2,filler_0_2,filler_1_4,filler_1_8,filler_0_3,filler_1_1,filler_1_5,astonishing-five-days-sentadjorder2-twoAdjs-0,The bone dog the chewed.,The diplomat worked for a meager ugly five days in Nairobi.,I wonder you ate how much.,The tourist passed a mere ugly three days in Papua New Guinea.,Chardon sees often Kuru.,Malevolent floral candy is delicious.,The fragrant orangutan sings loudest at Easter.,Bob walk.,Flosa has often seen Marn.,The bone chewed the dog.,The family spent a mere astonishing five days in London.
120,ugly-five-days-sentadjorder2-twoAdjs-0,filler_1_5,filler_0_7,filler_0_6,filler_0_2,ugly-three-days-sentadjorder2-twoAdjs-2,filler_1_8,filler_1_4,filler_1_1,impressive-three-days-sentadjorder1-twoAdjs-1,filler_0_3,The family spent a meager ugly five days in London.,The bone chewed the dog.,I wonder you ate how much.,The bone dog the chewed.,Chardon sees often Kuru.,The tourist passed a whopping ugly three days in Papua New Guinea.,The fragrant orangutan sings loudest at Easter.,Malevolent floral candy is delicious.,Flosa has often seen Marn.,The diplomat worked for an impressive hefty three days in Nairobi.,Bob walk.
